{
  "meta": {
    "version": "v8.4-cloud",
    "timestamp": "2026-04-13T22:58:58.421299",
    "n": 196695,
    "n_multi_vri": 4194,
    "metric_epsg": 32645,
    "classes": 13,
    "alpha": 0.74,
    "prior_mode": "uniform",
    "features": [
      "slope",
      "land_cat",
      "poi_density",
      "road_dist",
      "zouit_flags"
    ],
    "pe_normalization": "minmax_within_site",
    "pe_normalization_note": "P и E в ranking[] нормализованы min-max в пределах участка (лучший ВРИ=1.0, худший=0.0); сырые softmax-значения сохранены в P_raw, E_raw, S_raw",
    "zouit_codes": [
      "Z01",
      "Z02",
      "Z03",
      "Z04",
      "Z05",
      "Z06",
      "Z07",
      "Z08",
      "Z09",
      "Z10"
    ]
  },
  "prior": {
    "1": 0.373032,
    "2": 0.4698,
    "3": 0.015744,
    "4": 0.021105,
    "5": 0.018892,
    "6": 0.024969,
    "7": 0.009886,
    "8": 0.000751,
    "9": 0.001248,
    "10": 0.004655,
    "11": 0.001462,
    "12": 0.011865,
    "13": 0.046591
  },
  "cv": {
    "method": "spatial_loo_800m",
    "n": 3000,
    "top1": 0.8513,
    "top3": 0.9403,
    "top5": 0.97,
    "log_loss": 0.5839,
    "baseline": 2.5649
  },
  "boundaries": [
    {
      "id": 1,
      "layer": "boundary_1",
      "area_ha": 81.22,
      "centroid_m": [
        417930.1338951071,
        5742696.814397588
      ],
      "chars": {
        "slope": 0.9329047320832298,
        "land_category": "Земли населенных пунктов",
        "poi_density": 5.347606087887684,
        "road_distance": 1122.9702290156017,
        "zouit_flags": {
          "Z01": 0,
          "Z02": 0,
          "Z03": 0,
          "Z04": 0,
          "Z05": 1,
          "Z06": 0,
          "Z07": 0,
          "Z08": 0,
          "Z09": 0,
          "Z10": 0
        }
      },
      "ranking": [
        {
          "vri": 13,
          "P": 0.605878,
          "E": 1.0,
          "S": 0.778382,
          "P_raw": 0.108854,
          "E_raw": 0.143356,
          "S_raw": 0.12492,
          "prob": 0.184368,
          "log_post": -15.4385
        },
        {
          "vri": 3,
          "P": 1.0,
          "E": 0.587464,
          "S": 0.766462,
          "P_raw": 0.177422,
          "E_raw": 0.093147,
          "S_raw": 0.128555,
          "prob": 0.195254,
          "log_post": -15.3811
        },
        {
          "vri": 6,
          "P": 0.590205,
          "E": 0.666874,
          "S": 0.62737,
          "P_raw": 0.106127,
          "E_raw": 0.102812,
          "S_raw": 0.104457,
          "prob": 0.128913,
          "log_post": -15.7963
        },
        {
          "vri": 2,
          "P": 0.774811,
          "E": 0.50641,
          "S": 0.626396,
          "P_raw": 0.138244,
          "E_raw": 0.083282,
          "S_raw": 0.1073,
          "prob": 0.136027,
          "log_post": -15.7426
        },
        {
          "vri": 12,
          "P": 0.466625,
          "E": 0.598288,
          "S": 0.528371,
          "P_raw": 0.084628,
          "E_raw": 0.094465,
          "S_raw": 0.089411,
          "prob": 0.094451,
          "log_post": -16.1073
        },
        {
          "vri": 5,
          "P": 0.205945,
          "E": 0.863495,
          "S": 0.421702,
          "P_raw": 0.039276,
          "E_raw": 0.126743,
          "S_raw": 0.070554,
          "prob": 0.058812,
          "log_post": -16.5811
        },
        {
          "vri": 9,
          "P": 0.376141,
          "E": 0.37044,
          "S": 0.37328,
          "P_raw": 0.068886,
          "E_raw": 0.066734,
          "S_raw": 0.067801,
          "prob": 0.054312,
          "log_post": -16.6607
        },
        {
          "vri": 4,
          "P": 0.690917,
          "E": 0.144252,
          "S": 0.3157,
          "P_raw": 0.123649,
          "E_raw": 0.039205,
          "S_raw": 0.069625,
          "prob": 0.057273,
          "log_post": -16.6076
        },
        {
          "vri": 11,
          "P": 0.119485,
          "E": 0.642133,
          "S": 0.276994,
          "P_raw": 0.024234,
          "E_raw": 0.099801,
          "S_raw": 0.049179,
          "prob": 0.028575,
          "log_post": -17.3029
        },
        {
          "vri": 8,
          "P": 0.438576,
          "E": 0.134615,
          "S": 0.242979,
          "P_raw": 0.079748,
          "E_raw": 0.038032,
          "S_raw": 0.055072,
          "prob": 0.035834,
          "log_post": -17.0765
        },
        {
          "vri": 7,
          "P": 0.123037,
          "E": 0.381156,
          "S": 0.216556,
          "P_raw": 0.024852,
          "E_raw": 0.068038,
          "S_raw": 0.04112,
          "prob": 0.019977,
          "log_post": -17.6608
        },
        {
          "vri": 1,
          "P": 0.0,
          "E": 0.008942,
          "S": 0.0,
          "P_raw": 0.003446,
          "E_raw": 0.022736,
          "S_raw": 0.008852,
          "prob": 0.000926,
          "log_post": -20.7326
        },
        {
          "vri": 10,
          "P": 0.098799,
          "E": 0.0,
          "S": 0.0,
          "P_raw": 0.020635,
          "E_raw": 0.021648,
          "S_raw": 0.021135,
          "prob": 0.005278,
          "log_post": -18.9919
        }
      ]
    },
    {
      "id": 2,
      "layer": "boundary_2",
      "area_ha": 34.59,
      "centroid_m": [
        416532.05595862103,
        5737944.260979741
      ],
      "chars": {
        "slope": 13.015357268180408,
        "land_category": "Земли населенных пунктов",
        "poi_density": 0.05092958178940651,
        "road_distance": 2996.7146694468597,
        "zouit_flags": {
          "Z01": 0,
          "Z02": 0,
          "Z03": 0,
          "Z04": 0,
          "Z05": 0,
          "Z06": 0,
          "Z07": 0,
          "Z08": 0,
          "Z09": 0,
          "Z10": 0
        }
      },
      "ranking": [
        {
          "vri": 13,
          "P": 1.0,
          "E": 0.038329,
          "S": 0.195778,
          "P_raw": 0.344476,
          "E_raw": 0.021919,
          "S_raw": 0.086894,
          "prob": 0.174469,
          "log_post": -14.5423
        },
        {
          "vri": 8,
          "P": 0.19224,
          "E": 0.105439,
          "S": 0.142371,
          "P_raw": 0.081622,
          "E_raw": 0.055696,
          "S_raw": 0.067424,
          "prob": 0.105044,
          "log_post": -15.0496
        },
        {
          "vri": 10,
          "P": 0.086118,
          "E": 0.232821,
          "S": 0.141598,
          "P_raw": 0.047088,
          "E_raw": 0.11981,
          "S_raw": 0.075111,
          "prob": 0.130361,
          "log_post": -14.8337
        },
        {
          "vri": 9,
          "P": 0.106899,
          "E": 0.16746,
          "S": 0.133796,
          "P_raw": 0.053851,
          "E_raw": 0.086913,
          "S_raw": 0.068413,
          "prob": 0.108148,
          "log_post": -15.0205
        },
        {
          "vri": 12,
          "P": 0.175521,
          "E": 0.097238,
          "S": 0.130642,
          "P_raw": 0.076181,
          "E_raw": 0.051569,
          "S_raw": 0.062678,
          "prob": 0.090777,
          "log_post": -15.1956
        },
        {
          "vri": 2,
          "P": 0.241663,
          "E": 0.020012,
          "S": 0.069542,
          "P_raw": 0.097705,
          "E_raw": 0.012699,
          "S_raw": 0.035225,
          "prob": 0.028671,
          "log_post": -16.3481
        },
        {
          "vri": 6,
          "P": 0.140591,
          "E": 0.032284,
          "S": 0.067371,
          "P_raw": 0.064815,
          "E_raw": 0.018876,
          "S_raw": 0.034978,
          "prob": 0.02827,
          "log_post": -16.3622
        },
        {
          "vri": 5,
          "P": 0.093934,
          "E": 0.044108,
          "S": 0.064368,
          "P_raw": 0.049632,
          "E_raw": 0.024827,
          "S_raw": 0.035103,
          "prob": 0.028473,
          "log_post": -16.3551
        },
        {
          "vri": 7,
          "P": 0.035575,
          "E": 0.10041,
          "S": 0.059767,